product_company,product_image,product_name,product_price
"by Mintwud,by Mintwud,by Salawas Art & Craft,by Mintwud,by Addy Design,by @home,by Dios,by HomeTown,by Mintwud,by HomeTown,by Mintwud,by Forzza,by Crystal Furnitech,by Exclusive Furniture,by Mintwud,by Mintwud,by Art of Jodhpur,by Dios,by Royal Oak,by Forzza,by Crystal Furnitech,by Mintwud,by Home Full,by Spacewood,by Mintwud,by Woodsworth,by Mintwud,by Crystal Furnitech,by Royal Oak,by Mintwud,by Woodfurn,by Woodsworth,by Royal Oak","<img src=""https://www.pepperfry.com/logger/noscript"">,<img src=""https://ii1.pepperfry.com/images/loading-white.gif"">,<img class=""lazy"" src=""https://ii1.pepperfry.com/img/grey.gif"" data-src=""https://ii2.pepperfry.com/media/catalog/product/y/u/236x260/yuko-five-tier-book-shelf-in-columbia-walnut-finish-by-mintwud-yuko-five-tier-book-shelf-in-columbia-xetkmn.jpg"" alt=""Yuko Five Tier Book Shelf in Columbia Walnut Finish"">,<img class=""lazy"" src=""https://ii1.pepperfry.com/img/grey.gif"" data-src=""https://ii2.pepperfry.com/media/catalog/product/y/u/236x260/yuko-book-shelf-in-columbia-walnut-finish-by-mintwud-yuko-book-shelf-in-columbia-walnut-finish-by-mi-o3x5d3.jpg"" alt=""Yuko Five Tier Book Shelf in Columbia Walnut Finish"">,<img class=""clip-ship-img"" src=""https://ii1.pepperfry.com/images/svg/clip-exp-ship-icon-2018.svg"">,<img class=""lazy"" src=""https://ii1.pepperfry.com/img/grey.gif"" data-src=""https://ii3.pepperfry.com/media/catalog/product/h/a/236x260/hayao-6-cube-book-shelf-in-wenge-finish-by-mintwud-hayao-6-cube-book-shelf-in-wenge-finish-by-mintwu-60uhzt.jpg"" alt=""Hayao 6 Cube Book Shelf in Wenge Finish"">,<img class=""lazy"" src=""https://ii1.pepperfry.com/img/grey.gif"" data-src=""https://ii3.pepperfry.com/media/catalog/product/h/a/236x260/hayao-6-cube-book-shelf-in-wenge-finish-by-mintwud-hayao-6-cube-book-shelf-in-wenge-finish-by-mintwu-nburt4.jpg"" alt=""Hayao 6 Cube Book Shelf in Wenge Finish"">,<img class=""clip-ship-img"" src=""https://ii1.pepperfry.com/images/svg/clip-exp-ship-icon-2018.svg"">,<img class=""lazy"" src=""https://ii1.pepperfry.com/img/grey.gif"" data-src=""https://ii1.pepperfry.com/media/catalog/product/p/r/236x260/provincial-teak-mango-wood-wall-shelf-by-woodsworth-provincial-teak-mango-wood-wall-shelf-by-woodswo-sdqjks.jpg"" alt=""Solid Wood Hand-Made Standing Book Shelf in Provincial Teak Finish"">,<img class=""lazy"" src=""https://ii1.pepperfry.com/img/grey.gif"" data-src=""https://ii1.pepperfry.com/media/catalog/product/p/r/236x260/provincial-teak-mango-wood-wall-shelf-by-woodsworth-provincial-teak-mango-wood-wall-shelf-by-woodswo-wrh7hj.jpg"" alt=""Solid Wood Hand-Made Standing Book Shelf in Provincial Teak Finish"">,<img class=""clip-ship-img"" src=""https://ii1.pepperfry.com/images/svg/clip-exp-ship-icon-2018.svg"">,<img class=""lazy"" src=""https://ii1.pepperfry.com/img/grey.gif"" data-src=""https://ii2.pepperfry.com/media/catalog/product/h/a/236x260/hayao-3-tier-book-shelf-in-wenge-finish-by-mintwud-hayao-3-tier-book-shelf-in-wenge-finish-by-mintwu-nr7xbr.jpg"" alt=""Hayao 3 Tier Book Shelf in Wenge Finish"">,<img class=""lazy"" src=""https://ii1.pepperfry.com/img/grey.gif"" data-src=""https://ii2.pepperfry.com/media/catalog/product/h/a/236x260/hayao-3-tier-book-shelf-in-wenge-finish-by-mintwud-hayao-3-tier-book-shelf-in-wenge-finish-by-mintwu-8he5ml.jpg"" alt=""Hayao 3 Tier Book Shelf in Wenge Finish"">,<img class=""clip-ship-img"" src=""https://ii1.pepperfry.com/images/svg/clip-exp-ship-icon-2018.svg"">,<img class=""lazy"" src=""https://ii1.pepperfry.com/img/grey.gif"" data-src=""https://ii3.pepperfry.com/media/catalog/product/w/a/236x260/wall-mountable-tall-book-shelf-in-walnut-finish-by-addy-design-wall-mountable-tall-book-shelf-in-wal-xnxz9f.jpg"" alt=""Wall Mountable Tall Book Shelf in Walnut Finish"">,<img class=""lazy"" src=""https://ii1.pepperfry.com/img/grey.gif"" data-src=""https://ii3.pepperfry.com/media/catalog/product/w/a/236x260/wall-mountable-tall-book-shelf-in-walnut-finish-by-addy-design-wall-mountable-tall-book-shelf-in-wal-n9jfo4.jpg"" alt=""Wall Mountable Tall Book Shelf in Walnut Finish"">,<img class=""lazy"" src=""https://ii1.pepperfry.com/img/grey.gif"" data-src=""https://ii1.pepperfry.com/media/catalog/product/c/h/236x260/checkers-four-tier-bookshelf-in-walnut-colour-by--home-checkers-four-tier-bookshelf-in-walnut-colour-8shc87.jpg"" alt=""Checkers Four Tier Bookshelf in Walnut Colour"">,<img class=""lazy"" src=""https://ii1.pepperfry.com/img/grey.gif"" data-src=""https://ii1.pepperfry.com/media/catalog/product/c/h/236x260/checkers-four-tier-bookshelf-in-walnut-colour-by--home-checkers-four-tier-bookshelf-in-walnut-colour-to5zmg.jpg"" alt=""Checkers Four Tier Bookshelf in Walnut Colour"">,<img class=""lazy"" src=""https://ii1.pepperfry.com/img/grey.gif"" data-src=""https://ii2.pepperfry.com/media/catalog/product/j/a/236x260/jade-book-shelf-cum-display-unit-in-walnut-finish-by-dios-jade-book-shelf-cum-display-unit-in-walnut-pjnfwc.jpg"" alt=""Jade Book Shelf cum Display Unit in Walnut Finish"">,<img class=""lazy"" src=""https://ii1.pepperfry.com/img/grey.gif"" data-src=""https://ii2.pepperfry.com/media/catalog/product/j/a/236x260/jade-book-shelf-cum-display-unit-in-walnut-finish-by-dios-jade-book-shelf-cum-display-unit-in-walnut-fvhqo7.jpg"" alt=""Jade Book Shelf cum Display Unit in Walnut Finish"">,<img class=""lazy"" src=""https://ii1.pepperfry.com/img/grey.gif"" data-src=""https://ii3.pepperfry.com/media/catalog/product/p/e/236x260/penelope-book-shelf-cum-cum-storage-cabinet-in-oak-brown-finish-by-hometown-penelope-book-shelf-cum--sbeq78.jpg"" alt=""Penelope Book Shelf cum cum Storage Cabinet in Oak Brown Finish"">,<img class=""lazy"" src=""https://ii1.pepperfry.com/img/grey.gif"" data-src=""https://ii3.pepperfry.com/media/catalog/product/p/e/236x260/penelope-book-shelf-cum-cum-storage-cabinet-in-oak-brown-finish-by-hometown-penelope-book-shelf-cum--fhlwny.jpg"" alt=""Penelope Book Shelf cum cum Storage Cabinet in Oak Brown Finish"">,<img class=""clip-ship-img"" src=""https://ii1.pepperfry.com/images/svg/clip-exp-ship-icon-2018.svg"">,<img class=""lazy"" src=""https://ii1.pepperfry.com/img/grey.gif"" data-src=""https://ii1.pepperfry.com/media/catalog/product/a/k/236x260/akira-three-tier-book-shelf-in-wenge-finish-by-mintwud-akira-three-tier-book-shelf-in-wenge-finish-b-vla8bx.jpg"" alt=""Akira Three Tier Book Shelf in Wenge Finish"">,<img class=""lazy"" src=""https://ii1.pepperfry.com/img/grey.gif"" data-src=""https://ii1.pepperfry.com/media/catalog/product/a/k/236x260/akira-three-tier-book-shelf-in-wenge-finish-by-mintwud-akira-three-tier-book-shelf-in-wenge-finish-b-tlgx1f.jpg"" alt=""Akira Three Tier Book Shelf in Wenge Finish"">,<img class=""clip-ship-img"" src=""https://ii1.pepperfry.com/images/svg/clip-exp-ship-icon-2018.svg"">,<img class=""lazy"" src=""https://ii1.pepperfry.com/img/grey.gif"" data-src=""https://ii2.pepperfry.com/media/catalog/product/s/t/236x260/stark-book-case-with-cabinet-in-walnut-finish-by-hometown-stark-book-case-with-cabinet-in-walnut-fin-l3zdep.jpg"" alt=""Stark Book Shelf with Cabinet in Walnut Finish"">,<img class=""lazy"" src=""https://ii1.pepperfry.com/img/grey.gif"" data-src=""https://ii2.pepperfry.com/media/catalog/product/s/t/236x260/stark-book-case-with-cabinet-in-walnut-finish-by-hometown-stark-book-case-with-cabinet-in-walnut-fin-rwwluy.jpg"" alt=""Stark Book Shelf with Cabinet in Walnut Finish"">,<img class=""clip-ship-img"" src=""https://ii1.pepperfry.com/images/svg/clip-exp-ship-icon-2018.svg"">,<img class=""lazy"" src=""https://ii1.pepperfry.com/img/grey.gif"" data-src=""https://ii3.pepperfry.com/media/catalog/product/n/o/236x260/nomura-bookcase-in-walnut-brown-finish-by-mintwud-nomura-bookcase-in-walnut-brown-finish-by-mintwud-chnfce.jpg"" alt=""Nomura Bookshelf in Walnut Brown Finish"">,<img class=""lazy"" src=""https://ii1.pepperfry.com/img/grey.gif"" data-src=""https://ii3.pepperfry.com/media/catalog/product/n/o/236x260/nomura-bookcase-in-walnut-brown-finish-by-mintwud-nomura-bookcase-in-walnut-brown-finish-by-mintwud-psty1e.jpg"" alt=""Nomura Bookshelf in Walnut Brown Finish"">,<img class=""clip-ship-img"" src=""https://ii1.pepperfry.com/images/svg/clip-exp-ship-icon-2018.svg"">,<img class=""lazy"" src=""https://ii1.pepperfry.com/img/grey.gif"" data-src=""https://ii1.pepperfry.com/media/catalog/product/r/o/236x260/roma-bookshelf-in-walnut-finish-by-forzza-roma-bookshelf-in-walnut-finish-by-forzza-zxhiiv.jpg"" alt=""Roma Bookshelf in Walnut Finish"">,<img class=""lazy"" src=""https://ii1.pepperfry.com/img/grey.gif"" data-src=""https://ii1.pepperfry.com/media/catalog/product/r/o/236x260/roma-bookshelf-in-walnut-finish-by-forzza-roma-bookshelf-in-walnut-finish-by-forzza-igwuoi.jpg"" alt=""Roma Bookshelf in Walnut Finish"">,<img class=""clip-ship-img"" src=""https://ii1.pepperfry.com/images/svg/clip-exp-ship-icon-2018.svg"">,<img class=""lazy"" src=""https://ii1.pepperfry.com/img/grey.gif"" data-src=""https://ii2.pepperfry.com/media/catalog/product/s/t/236x260/study-table-with-book-shelves---cabinet-in-knotty-wood-finish-by-crystal-furnitech-study-table-with--bb00os.jpg"" alt=""Study Table with Book Shelves &amp; Cabinet in Knotty Wood Finish"">,<img class=""lazy"" src=""https://ii1.pepperfry.com/img/grey.gif"" data-src=""https://ii2.pepperfry.com/media/catalog/product/s/t/236x260/study-table-with-book-shelves---cabinet-in-knotty-wood-finish-by-crystal-furnitech-study-table-with--v12xnm.jpg"" alt=""Study Table with Book Shelves &amp; Cabinet in Knotty Wood Finish"">,<img class=""clip-ship-img"" src=""https://ii1.pepperfry.com/images/svg/clip-exp-ship-icon-2018.svg"">,<img class=""lazy"" src=""https://ii1.pepperfry.com/img/grey.gif"" data-src=""https://ii3.pepperfry.com/media/catalog/product/b/o/236x260/book-shelf-in-wenge-finish-by-exclusive-furniture-book-shelf-in-wenge-finish-by-exclusive-furniture-jrppf2.jpg"" alt=""Book Shelf in Wenge Finish"">,<img class=""lazy"" src=""https://ii1.pepperfry.com/img/grey.gif"" data-src=""https://ii3.pepperfry.com/media/catalog/product/b/o/236x260/book-shelf-in-wenge-finish-by-exclusive-furniture-book-shelf-in-wenge-finish-by-exclusive-furniture-bvsqub.jpg"" alt=""Book Shelf in Wenge Finish"">,<img class=""lazy"" src=""https://ii1.pepperfry.com/img/grey.gif"" data-src=""https://ii1.pepperfry.com/media/catalog/product/m/u/236x260/mura-study-cum-work-desk-with-book-shelf-in-nut-brown-finish-by-mintwud-mura-study-cum-work-desk-wit-0m5tef.jpg"" alt=""Mura Study cum Work Desk with Book Shelf in Nut Brown Finish"">,<img class=""lazy"" src=""https://ii1.pepperfry.com/img/grey.gif"" data-src=""https://ii1.pepperfry.com/media/catalog/product/m/u/236x260/mura-study-cum-work-desk-with-book-shelf-in-nut-brown-finish-by-mintwud-mura-study-cum-work-desk-wit-8rrsnp.jpg"" alt=""Mura Study cum Work Desk with Book Shelf in Nut Brown Finish"">,<img class=""clip-ship-img"" src=""https://ii1.pepperfry.com/images/svg/clip-exp-ship-icon-2018.svg"">,<img class=""lazy"" src=""https://ii1.pepperfry.com/img/grey.gif"" data-src=""https://ii2.pepperfry.com/media/catalog/product/a/s/236x260/asahi-display-unit-in-yellow---white-finish-by-mintwud-asahi-display-unit-in-yellow---white-finish-b-jq8v5b.jpg"" alt=""Asahi Display Unit cum Book Shelf in Yellow &amp; White Finish"">,<img class=""lazy"" src=""https://ii1.pepperfry.com/img/grey.gif"" data-src=""https://ii2.pepperfry.com/media/catalog/product/a/s/236x260/asahi-display-unit-in-yellow---white-finish-by-mintwud-asahi-display-unit-in-yellow---white-finish-b-8lsqzl.jpg"" alt=""Asahi Display Unit cum Book Shelf in Yellow &amp; White Finish"">,<img class=""clip-ship-img"" src=""https://ii1.pepperfry.com/images/svg/clip-exp-ship-icon-2018.svg"">,<img class=""lazy"" src=""https://ii1.pepperfry.com/img/grey.gif"" data-src=""https://ii3.pepperfry.com/media/catalog/product/a/r/236x260/art-of-jodhpur-multicolour-solid-wood-jali-cabinet-art-of-jodhpur-multicolour-solid-wood-jali-cabine-ntxxwr.jpg"" alt=""Wenge Solid Wood Vintage Collectible Book Shelf"">,<img class=""lazy"" src=""https://ii1.pepperfry.com/img/grey.gif"" data-src=""https://ii3.pepperfry.com/media/catalog/product/a/r/236x260/art-of-jodhpur-multicolour-solid-wood-jali-cabinet-art-of-jodhpur-multicolour-solid-wood-jali-cabine-vmwv6r.jpg"" alt=""Wenge Solid Wood Vintage Collectible Book Shelf"">,<img class=""clip-ship-img"" src=""https://ii1.pepperfry.com/images/svg/clip-exp-ship-icon-2018.svg"">,<img class=""lazy"" src=""https://ii1.pepperfry.com/img/grey.gif"" data-src=""https://ii1.pepperfry.com/media/catalog/product/c/a/236x260/candara-book-shelf-cum-display-unit-in-walnut-finish-by-dios-candara-book-shelf-cum-display-unit-in--a1tncg.jpg"" alt=""Candara Book Shelf cum Display Unit in Walnut Finish"">,<img class=""lazy"" src=""https://ii1.pepperfry.com/img/grey.gif"" data-src=""https://ii1.pepperfry.com/media/catalog/product/c/a/236x260/candara-book-shelf-cum-display-unit-in-walnut-finish-by-dios-candara-book-shelf-cum-display-unit-in--losk3x.jpg"" alt=""Candara Book Shelf cum Display Unit in Walnut Finish"">,<img class=""lazy"" src=""https://ii1.pepperfry.com/img/grey.gif"" data-src=""https://ii2.pepperfry.com/media/catalog/product/p/l/236x260/pluto-bookshelf-by-royal-oak-pluto-bookshelf-by-royal-oak-nvdi9j.jpg"" alt=""Pluto Bookshelf"">,<img class=""lazy"" src=""https://ii1.pepperfry.com/img/grey.gif"" data-src=""https://ii2.pepperfry.com/media/catalog/product/p/l/236x260/pluto-bookshelf-by-royal-oak-pluto-bookshelf-by-royal-oak-jrbcrk.jpg"" alt=""Pluto Bookshelf"">,<img class=""clip-ship-img"" src=""https://ii1.pepperfry.com/images/svg/clip-exp-ship-icon-2018.svg"">,<img class=""lazy"" src=""https://ii1.pepperfry.com/img/grey.gif"" data-src=""https://ii3.pepperfry.com/media/catalog/product/s/i/236x260/simone-bookshelf-in-white-colour-by-forzza-simone-bookshelf-in-white-colour-by-forzza-gshuft.jpg"" alt=""Simone Bookshelf in White Colour"">,<img class=""lazy"" src=""https://ii1.pepperfry.com/img/grey.gif"" data-src=""https://ii3.pepperfry.com/media/catalog/product/s/i/236x260/simone-bookshelf-in-white-colour-by-forzza-simone-bookshelf-in-white-colour-by-forzza-mcsemz.jpg"" alt=""Simone Bookshelf in White Colour"">,<img class=""lazy"" src=""https://ii1.pepperfry.com/img/grey.gif"" data-src=""https://ii1.pepperfry.com/media/catalog/product/f/i/236x260/five-tier-book-shelf-in-cairo-wallnut-colour-by-crystal-furnitech-five-tier-book-shelf-in-cairo-wall-fvdoea.jpg"" alt=""Five Tier Book Shelf in Cairo Wallnut Colour"">,<img class=""lazy"" src=""https://ii1.pepperfry.com/img/grey.gif"" data-src=""https://ii1.pepperfry.com/media/catalog/product/f/i/236x260/five-tier-book-shelf-in-cairo-wallnut-colour-by-crystal-furnitech-five-tier-book-shelf-in-cairo-wall-li0dpf.jpg"" alt=""Five Tier Book Shelf in Cairo Wallnut Colour"">,<img class=""clip-ship-img"" src=""https://ii1.pepperfry.com/images/svg/clip-exp-ship-icon-2018.svg"">,<img class=""lazy"" src=""https://ii1.pepperfry.com/img/grey.gif"" data-src=""https://ii2.pepperfry.com/media/catalog/product/r/e/236x260/ren-queen-size-bed-with-box-storage---two-bedside-tables-in-wenge-finish-by-mintwud-ren-queen-size-b-rduq4x.jpg"" alt=""Ren Queen Size Bed with Box Storage &amp; Two Bedside Tables in Wenge Finish"">,<img class=""lazy"" src=""https://ii1.pepperfry.com/img/grey.gif"" data-src=""https://ii2.pepperfry.com/media/catalog/product/r/e/236x260/ren-queen-size-bed-with-box-storage---two-bedside-tables-in-wenge-finish-by-mintwud-ren-queen-size-b-rwlb5r.jpg"" alt=""Ren Queen Size Bed with Box Storage &amp; Two Bedside Tables in Wenge Finish"">,<img class=""clip-ship-img"" src=""https://ii1.pepperfry.com/images/svg/clip-exp-ship-icon-2018.svg"">,<img class=""lazy"" src=""https://ii1.pepperfry.com/img/grey.gif"" data-src=""https://ii3.pepperfry.com/media/catalog/product/a/l/236x260/alpha-book-shelf-by-home-full-furniture-alpha-book-shelf-by-home-full-furniture-bt1kdm.jpg"" alt=""Alpha Book Shelf"">,<img class=""lazy"" src=""https://ii1.pepperfry.com/img/grey.gif"" data-src=""https://ii3.pepperfry.com/media/catalog/product/a/l/236x260/alpha-book-shelf-by-home-full-furniture-alpha-book-shelf-by-home-full-furniture-vluz9e.jpg"" alt=""Alpha Book Shelf"">,<img class=""clip-ship-img"" src=""https://ii1.pepperfry.com/images/svg/clip-exp-ship-icon-2018.svg"">,<img class=""lazy"" src=""https://ii1.pepperfry.com/img/grey.gif"" data-src=""https://ii1.pepperfry.com/media/catalog/product/c/a/236x260/carnival-bedside-table-in-wenge-finish-by-spacewood-carnival-bedside-table-in-wenge-finish-by-spacew-shmpv3.jpg"" alt=""Carnival Bedside Table in Wenge Finish"">,<img class=""lazy"" src=""https://ii1.pepperfry.com/img/grey.gif"" data-src=""https://ii1.pepperfry.com/media/catalog/product/c/a/236x260/carnival-bedside-table-in-wenge-finish-by-spacewood-carnival-bedside-table-in-wenge-finish-by-spacew-umexee.jpg"" alt=""Carnival Bedside Table in Wenge Finish"">,<img class=""clip-ship-img"" src=""https://ii1.pepperfry.com/images/svg/clip-exp-ship-icon-2018.svg"">,<img class=""lazy"" src=""https://ii1.pepperfry.com/img/grey.gif"" data-src=""https://ii2.pepperfry.com/media/catalog/product/k/i/236x260/kishi-study-desk-with-book-shelf-in-nut-brown-finish-by-mintwud-kishi-study-desk-with-book-shelf-in--vb2ypz.jpg"" alt=""Kishi Study Desk with Book Shelf in Nut Brown Finish"">,<img class=""lazy"" src=""https://ii1.pepperfry.com/img/grey.gif"" data-src=""https://ii2.pepperfry.com/media/catalog/product/k/i/236x260/kishi-study-desk-with-book-shelf-in-tobacco-finish-by-mintwud-kishi-study-desk-with-book-shelf-in-to-kcfifv.jpg"" alt=""Kishi Study Desk with Book Shelf in Nut Brown Finish"">,<img class=""clip-ship-img"" src=""https://ii1.pepperfry.com/images/svg/clip-exp-ship-icon-2018.svg"">,<img class=""lazy"" src=""https://ii1.pepperfry.com/img/grey.gif"" data-src=""https://ii3.pepperfry.com/media/catalog/product/a/c/236x260/acropolis-solid-wood-folding-study---laptop-table-with-book-shelf-in-provincial-teak-finish-by-woods-05d7h4.jpg"" alt=""Acropolis Solid Wood Folding Study &amp; Laptop Table with Book Shelf in Provincial Teak Finish"">,<img class=""lazy"" src=""https://ii1.pepperfry.com/img/grey.gif"" data-src=""https://ii3.pepperfry.com/media/catalog/product/s/t/236x260/study---laptop-table-in-provincial-teak-finish-by-woodsworth-study---laptop-table-in-provincial-teak-rtqg5s.jpg"" alt=""Acropolis Solid Wood Folding Study &amp; Laptop Table with Book Shelf in Provincial Teak Finish"">,<img class=""clip-ship-img"" src=""https://ii1.pepperfry.com/images/svg/clip-exp-ship-icon-2018.svg"">,<img class=""lazy"" src=""https://ii1.pepperfry.com/img/grey.gif"" data-src=""https://ii1.pepperfry.com/media/catalog/product/r/e/236x260/ren-king-size-bed-with-box-storage---two-bedside-tables-in-wenge-finish-by-mintwud-ren-king-size-bed-egaxa5.jpg"" alt=""Ren King Size Bed with Box Storage &amp; Two Bedside Tables in Wenge Finish"">,<img class=""lazy"" src=""https://ii1.pepperfry.com/img/grey.gif"" data-src=""https://ii1.pepperfry.com/media/catalog/product/r/e/236x260/ren-king-size-bed-with-box-storage---two-bedside-tables-in-wenge-finish-by-mintwud-ren-king-size-bed-llxxtn.jpg"" alt=""Ren King Size Bed with Box Storage &amp; Two Bedside Tables in Wenge Finish"">,<img class=""clip-ship-img"" src=""https://ii1.pepperfry.com/images/svg/clip-exp-ship-icon-2018.svg"">,<img class=""lazy"" src=""https://ii1.pepperfry.com/img/grey.gif"" data-src=""https://ii2.pepperfry.com/media/catalog/product/s/t/236x260/study-table-with-book-shelves---cabinet-in-wenge-finish-by-crystal-furnitech-study-table-with-book-s-h37wkj.jpg"" alt=""Study Table with Book Shelves &amp; Cabinet in Wenge Finish"">,<img class=""lazy"" src=""https://ii1.pepperfry.com/img/grey.gif"" data-src=""https://ii2.pepperfry.com/media/catalog/product/s/t/236x260/study-table-with-book-shelves---cabinet-in-wenge-finish-by-crystal-furnitech-study-table-with-book-s-srbfra.jpg"" alt=""Study Table with Book Shelves &amp; Cabinet in Wenge Finish"">,<img class=""clip-ship-img"" src=""https://ii1.pepperfry.com/images/svg/clip-exp-ship-icon-2018.svg"">,<img class=""lazy"" src=""https://ii1.pepperfry.com/img/grey.gif"" data-src=""https://ii3.pepperfry.com/media/catalog/product/g/e/236x260/geneva-bedside-table-in-dual-tone-finish-by-royaloak-geneva-bedside-table-in-dual-tone-finish-by-roy-zmbwpk.jpg"" alt=""Geneva BedSide Table in Dual tone Finish"">,<img class=""lazy"" src=""https://ii1.pepperfry.com/img/grey.gif"" data-src=""https://ii3.pepperfry.com/media/catalog/product/g/e/236x260/geneva-bedside-table-in-dual-tone-finish-by-royaloak-geneva-bedside-table-in-dual-tone-finish-by-roy-dhqofs.jpg"" alt=""Geneva BedSide Table in Dual tone Finish"">,<img class=""clip-ship-img"" src=""https://ii1.pepperfry.com/images/svg/clip-exp-ship-icon-2018.svg"">,<img class=""lazy"" src=""https://ii1.pepperfry.com/img/grey.gif"" data-src=""https://ii1.pepperfry.com/media/catalog/product/k/o/236x260/koko-study-desk-with-book-shelf-in-white-finish-by-mintwud-koko-study-desk-with-book-shelf-in-white--hn67st.jpg"" alt=""Koko Study Desk with Book Shelf in White Finish"">,<img class=""lazy"" src=""https://ii1.pepperfry.com/img/grey.gif"" data-src=""https://ii1.pepperfry.com/media/catalog/product/k/o/236x260/koko-study-desk-with-book-shelf-in-white-finish-by-mintwud-koko-study-desk-with-book-shelf-in-white--vw3sd9.jpg"" alt=""Koko Study Desk with Book Shelf in White Finish"">,<img class=""clip-ship-img"" src=""https://ii1.pepperfry.com/images/svg/clip-exp-ship-icon-2018.svg"">,<img class=""lazy"" src=""https://ii1.pepperfry.com/img/grey.gif"" data-src=""https://ii2.pepperfry.com/media/catalog/product/b/o/236x260/book-shelf-in-red-cherry-finish-by-woodfurn-book-shelf-in-red-cherry-finish-by-woodfurn-mqinhx.jpg"" alt=""Book Shelf in Red Cherry Finish"">,<img class=""lazy"" src=""https://ii1.pepperfry.com/img/grey.gif"" data-src=""https://ii2.pepperfry.com/media/catalog/product/b/o/236x260/book-shelf-in-red-cherry-finish-by-woodfurn-book-shelf-in-red-cherry-finish-by-woodfurn-pg1rp0.jpg"" alt=""Book Shelf in Red Cherry Finish"">,<img class=""lazy"" src=""https://ii1.pepperfry.com/img/grey.gif"" data-src=""https://ii3.pepperfry.com/media/catalog/product/o/r/236x260/oriel-solid-wood-tall-book-shelf-in-honey-oak-finish-by-woodsworth-oriel-solid-wood-tall-book-shelf--nddm5z.jpg"" alt=""Oriel Solid Wood Tall Book Shelf In Honey oak Finish"">,<img class=""lazy"" src=""https://ii1.pepperfry.com/img/grey.gif"" data-src=""https://ii3.pepperfry.com/media/catalog/product/b/o/236x260/book-shelf-in-honey-oak-finish-by-woodsworth-book-shelf-in-honey-oak-finish-by-woodsworth-jargyt.jpg"" alt=""Oriel Solid Wood Tall Book Shelf In Honey oak Finish"">,<img class=""clip-ship-img"" src=""https://ii1.pepperfry.com/images/svg/clip-exp-ship-icon-2018.svg"">,<img class=""lazy"" src=""https://ii1.pepperfry.com/img/grey.gif"" data-src=""https://ii1.pepperfry.com/media/catalog/product/m/i/236x260/misty-book-shelf-cum-filing-cabinet-in-chocolate-colour-by-royaloak-misty-book-shelf-cum-filing-cabi-t6gzy9.jpg"" alt=""Misty Book Shelf cum Filing Cabinet in Chocolate Colour"">,<img class=""lazy"" src=""https://ii1.pepperfry.com/img/grey.gif"" data-src=""https://ii1.pepperfry.com/media/catalog/product/m/i/236x260/misty-book-shelf-cum-filing-cabinet-in-chocolate-colour-by-royaloak-misty-book-shelf-cum-filing-cabi-ccqwdr.jpg"" alt=""Misty Book Shelf cum Filing Cabinet in Chocolate Colour"">,<img class=""clip-ship-img"" src=""https://ii1.pepperfry.com/images/svg/clip-exp-ship-icon-2018.svg"">,<img height=""1"" width=""1"" style=""border-style:none;"" alt="""" src=""//googleads.g.doubleclick.net/pagead/viewthroughconversion/1001186363/?value=0&amp;label=fR-mCPWm1QMQu8iz3QM&amp;guid=ON&amp;script=0"">,<img width=""40"" height=""40"" alt="""" src=""https://ii1.pepperfry.com/images/loading-white.gif"">,<img src=""https://ii3.pepperfry.com/images/pflogo_footer_new.png"" alt="""" width=""91"" height=""25"">,<img class=""lazy"" src=""https://ii1.pepperfry.com/img/grey.gif"" data-src=""https://ii1.pepperfry.com/media/wysiwyg/banners/regsuccess_18_june_19.jpg"">,<img src=""https://ii1.pepperfry.com/images/svg/social-login-fb-logo.svg"">,<img src=""https://ii1.pepperfry.com/images/svg/social-login-google-logo.svg"">","
                                       Yuko Five Tier Book Shelf in Columbia Walnut Finish                                    ,
                                       Hayao 6 Cube Book Shelf in Wenge Finish                                    ,
                                       Solid Wood Hand-Made Standing Book Shelf in Provincial Teak Finish                                    ,
                                       Hayao 3 Tier Book Shelf in Wenge Finish                                    ,
                                       Wall Mountable Tall Book Shelf in Walnut Finish                                    ,
                                       Checkers Four Tier Bookshelf in Walnut Colour                                    ,
                                       Jade Book Shelf cum Display Unit in Walnut Finish                                    ,
                                       Penelope Book Shelf cum cum Storage Cabinet in Oak Brown Finish                                    ,
                                       Akira Three Tier Book Shelf in Wenge Finish                                    ,
                                       Stark Book Shelf with Cabinet in Walnut Finish                                    ,
                                       Nomura Bookshelf in Walnut Brown Finish                                    ,
                                       Roma Bookshelf in Walnut Finish                                    ,
                                       Study Table with Book Shelves & Cabinet in Knotty Wood Finish                                    ,
                                       Book Shelf in Wenge Finish                                    ,
                                       Mura Study cum Work Desk with Book Shelf in Nut Brown Finish                                    ,
                                       Asahi Display Unit cum Book Shelf in Yellow & White Finish                                    ,
                                       Wenge Solid Wood Vintage Collectible Book Shelf                                    ,
                                       Candara Book Shelf cum Display Unit in Walnut Finish                                    ,
                                       Pluto Bookshelf                                    ,
                                       Simone Bookshelf in White Colour                                    ,
                                       Five Tier Book Shelf in Cairo Wallnut Colour                                    ,
                                       Ren Queen Size Bed with Box Storage & Two Bedside Tables in Wenge Finish                                    ,
                                       Alpha Book Shelf                                    ,
                                       Carnival Bedside Table in Wenge Finish                                    ,
                                       Kishi Study Desk with Book Shelf in Nut Brown Finish                                    ,
                                       Acropolis Solid Wood Folding Study & Laptop Table with Book Shelf in Provincial Teak Finish                                    ,
                                       Ren King Size Bed with Box Storage & Two Bedside Tables in Wenge Finish                                    ,
                                       Study Table with Book Shelves & Cabinet in Wenge Finish                                    ,
                                       Geneva BedSide Table in Dual tone Finish                                    ,
                                       Koko Study Desk with Book Shelf in White Finish                                    ,
                                       Book Shelf in Red Cherry Finish                                    ,
                                       Oriel Solid Wood Tall Book Shelf In Honey oak Finish                                    ,
                                       Misty Book Shelf cum Filing Cabinet in Chocolate Colour                                    ","Rs.5,999,Rs.3,499,Rs.2,329,Rs.2,499,Rs.4,709,Rs.3,900,Rs.9,999,Rs.5,790,Rs.2,499,Rs.8,490,Rs.5,499,Rs.4,999,Rs.9,499,Rs.8,299,Rs.6,499,Rs.4,999,Rs.2,229,Rs.19,999,Rs.4,750,Rs.5,099,Rs.6,499,Rs.10,999,Rs.3,499,Rs.1,499,Rs.7,999,Rs.20,999,Rs.13,999,Rs.9,499,Rs.2,900,Rs.11,999,Rs.3,299,Rs.22,999,Rs.6,750"
